"No.","Time","Source","Destination","Protocol","Length","Info"
"1","0.000000000","37.221.93.182","192.168.43.133","TLSv1.2","980","Application Data"
"2","0.000001371","37.221.93.182","192.168.43.133","TLSv1.2","644","Application Data"
"3","0.000001490","37.221.93.182","192.168.43.133","TLSv1.2","1940","Application Data"
"4","0.000001539","37.221.93.182","192.168.43.133","TLSv1.2","868","Application Data"
"5","0.204458691","37.221.93.182","192.168.43.133","TLSv1.2","644","Application Data"
"6","2.588932774","37.221.93.182","192.168.43.133","TCP","66","3939  >  51976 [ACK] Seq=1 Ack=1 Win=501 Len=0 TSval=3796911888 TSecr=1544964406"
"7","2.597940313","37.221.93.182","192.168.43.133","TCP","66","3939  >  51976 [ACK] Seq=1 Ack=1684 Win=497 Len=0 TSval=3796911899 TSecr=1544964406"
"8","2.654817972","32:53:85:7a:41:73","Intel_75:a5:62","ARP","42","Who has 192.168.43.133? Tell 192.168.43.1"
"9","2.766274889","37.221.93.182","192.168.43.133","TLSv1.2","574","Application Data"
"10","2.926186163","37.221.93.182","192.168.43.133","TCP","66","3939  >  47080 [ACK] Seq=1 Ack=1 Win=501 Len=0 TSval=3796912202 TSecr=1544964896"
"11","2.926187118","37.221.93.182","192.168.43.133","TLSv1.2","127","Application Data"
"12","2.926187270","37.221.93.182","192.168.43.133","TLSv1.2","179","Application Data"
"13","2.926187420","37.221.93.182","192.168.43.133","TLSv1.2","119","Application Data"
"14","2.926187571","37.221.93.182","192.168.43.133","TLSv1.2","127","Application Data"
"15","3.062042969","37.221.93.182","192.168.43.133","TCP","66","3939  >  47080 [ACK] Seq=289 Ack=119 Win=501 Len=0 TSval=3796912358 TSecr=1544965055"
"16","3.888772453","37.221.93.182","192.168.43.133","TLSv1.2","151","Application Data"
"17","4.892948099","37.221.93.182","192.168.43.133","TLSv1.2","90","Application Data"
"18","4.892948502","37.221.93.182","192.168.43.133","TCP","66","3939  >  47124 [FIN, ACK] Seq=110 Ack=1 Win=501 Len=0 TSval=3796914110 TSecr=1544966016"
"19","5.117090216","37.221.93.182","192.168.43.133","TCP","54","3939  >  47124 [RST] Seq=86 Win=0 Len=0"
"20","5.117091096","37.221.93.182","192.168.43.133","TCP","54","3939  >  47124 [RST] Seq=86 Win=0 Len=0"
"21","5.501504320","37.221.93.182","192.168.43.133","TCP","66","3939  >  36144 [ACK] Seq=1 Ack=1 Win=501 Len=0 TSval=3796914640 TSecr=1544826173"
"22","5.731363005","37.221.93.182","192.168.43.133","TCP","66","3939  >  40950 [ACK] Seq=1 Ack=1 Win=501 Len=0 TSval=3796914920 TSecr=1544830702"
"23","7.368446375","185.125.190.57","192.168.43.133","NTP","90","NTP Version 4, server"
"24","9.824880326","37.221.93.182","192.168.43.133","TCP","66","3939  >  58812 [ACK] Seq=1 Ack=1 Win=501 Len=0 TSval=3796918952 TSecr=1544879317"
"25","10.644045253","37.221.93.182","192.168.43.133","TCP","2842","3939  >  48604 [PSH, ACK] Seq=4747 Ack=447 Win=501 Len=2776 TSval=3796919760 TSecr=1544972449 [TCP PDU reassembled in 26]"
"26","10.644045758","37.221.93.182","192.168.43.133","TLSv1.2","381","Application Data"
"27","10.848362541","37.221.93.182","192.168.43.133","TCP","66","3939  >  48604 [ACK] Seq=7838 Ack=622 Win=501 Len=0 TSval=3796920131 TSecr=1544972772"
"28","11.872057642","37.221.93.182","192.168.43.133","TCP","66","3939  >  48604 [ACK] Seq=7838 Ack=973 Win=501 Len=0 TSval=3796921137 TSecr=1544973824"
"29","11.872058424","37.221.93.182","192.168.43.133","TLSv1.2","1140","Application Data"
"30","13.713944253","37.221.93.182","192.168.43.133","TCP","66","3939  >  48552 [ACK] Seq=1 Ack=1 Win=501 Len=0 TSval=3796922908 TSecr=1544504924"
"31","18.217428819","37.221.93.182","192.168.43.133","TCP","66","3939  >  59634 [ACK] Seq=1 Ack=1 Win=2908 Len=0 TSval=3796927510 TSecr=1544934324"
"32","22.106423343","37.221.93.182","192.168.43.133","TCP","66","3939  >  43340 [ACK] Seq=1 Ack=1 Win=501 Len=0 TSval=3796931382 TSecr=1544796903"
"33","22.516199727","37.221.93.182","192.168.43.133","TLSv1.2","2297","Application Data"
"34","22.720506964","37.221.93.182","192.168.43.133","TCP","66","3939  >  48604 [ACK] Seq=11143 Ack=1611 Win=501 Len=0 TSval=3796932010 TSecr=1544984644"
"35","23.594275582","37.221.93.182","192.168.43.133","TCP","66","3939  >  48604 [ACK] Seq=11143 Ack=1802 Win=501 Len=0 TSval=3796932908 TSecr=1544985595"
"36","23.631336647","37.221.93.182","192.168.43.133","TLSv1.2","1124","Application Data"
"37","23.695247386","37.221.93.182","192.168.43.133","TLSv1.2","1476","Application Data"
"38","23.948831402","37.221.93.182","192.168.43.133","TCP","66","3939  >  48604 [ACK] Seq=13611 Ack=2344 Win=501 Len=0 TSval=3796933202 TSecr=1544985826"
"39","24.153576499","37.221.93.182","192.168.43.133","TLSv1.2","660","Application Data"
"40","30.089905066","37.221.93.182","192.168.43.133","TCP","66","3939  >  47244 [ACK] Seq=1 Ack=1 Win=501 Len=0 TSval=3796939297 TSecr=1544804521"
"41","34.491571785","37.221.93.182","192.168.43.133","TCP","66","3939  >  48604 [ACK] Seq=14205 Ack=2727 Win=501 Len=0 TSval=3796943773 TSecr=1544996447"
"42","34.491572651","37.221.93.182","192.168.43.133","TLSv1.2","2572","Application Data"
"43","34.695958603","37.221.93.182","192.168.43.133","TCP","66","3939  >  48604 [ACK] Seq=16711 Ack=2982 Win=501 Len=0 TSval=3796943990 TSecr=1544996621"
"44","35.578218420","37.221.93.182","192.168.43.133","TCP","66","3939  >  48604 [ACK] Seq=16711 Ack=3269 Win=501 Len=0 TSval=3796944897 TSecr=1544997573"
"45","35.613047585","37.221.93.182","192.168.43.133","TLSv1.2","1316","Application Data"
"46","35.668413374","37.221.93.182","192.168.43.133","TLSv1.2","900","Application Data"
"47","35.855666964","37.221.93.182","192.168.43.133","TLSv1.2","660","Application Data"
"48","36.930205823","32:53:85:7a:41:73","Intel_75:a5:62","ARP","42","Who has 192.168.43.133? Tell 192.168.43.1"
"49","39.915232801","185.125.190.57","192.168.43.133","NTP","90","NTP Version 4, server"
"50","44.010806708","37.221.93.182","192.168.43.133","TLSv1.2","127","Application Data"
"51","44.010806919","37.221.93.182","192.168.43.133","TCP","66","3939  >  36144 [ACK] Seq=1 Ack=1109 Win=501 Len=0 TSval=3796953300 TSecr=1545005907"
"52","44.105859560","37.221.93.182","192.168.43.133","TLSv1.2","407","Application Data"
"53","44.107440272","37.221.93.182","192.168.43.133","TLSv1.2","119","Application Data"
"54","44.107780132","37.221.93.182","192.168.43.133","TLSv1.2","127","Application Data"
"55","44.316319202","37.221.93.182","192.168.43.133","TCP","66","3939  >  36144 [ACK] Seq=517 Ack=1227 Win=501 Len=0 TSval=3796953558 TSecr=1545006233"
"56","46.670734479","37.221.93.182","192.168.43.133","TCP","2842","3939  >  48604 [PSH, ACK] Seq=19389 Ack=4018 Win=501 Len=2776 TSval=3796955854 TSecr=1545008449 [TCP PDU reassembled in 57]"
"57","46.670735174","37.221.93.182","192.168.43.133","TLSv1.2","880","Application Data"
"58","46.875176338","37.221.93.182","192.168.43.133","TLSv1.2","628","Application Data"
"59","47.898766492","37.221.93.182","192.168.43.133","TLSv1.2","996","Application Data"
"60","47.898767066","37.221.93.182","192.168.43.133","TLSv1.2","385","Application Data"
"61","47.904211058","37.221.93.182","192.168.43.133","TCP","1454","3939  >  48604 [ACK] Seq=24790 Ack=4688 Win=501 Len=1388 TSval=3796957230 TSecr=1545009852 [TCP PDU reassembled in 62]"
"62","47.904577754","37.221.93.182","192.168.43.133","TLSv1.2","1128","Application Data"
"63","48.103192000","37.221.93.182","192.168.43.133","TLSv1.2","676","Application Data"
"64","48.410017341","37.221.93.182","192.168.43.133","TCP","66","[TCP Dup ACK 7#1] 3939  >  51976 [ACK] Seq=509 Ack=1684 Win=501 Len=0 TSval=3796957661 TSecr=1544964893"
"65","48.410112932","37.221.93.182","192.168.43.133","TCP","66","[TCP Dup ACK 15#1] 3939  >  47080 [ACK] Seq=289 Ack=119 Win=501 Len=0 TSval=3796957661 TSecr=1544965055"
"66","54.653359675","37.221.93.182","192.168.43.133","TCP","66","[TCP Dup ACK 22#1] 3939  >  40950 [ACK] Seq=1 Ack=1 Win=501 Len=0 TSval=3796963890 TSecr=1544830702"
"67","55.882306572","37.221.93.182","192.168.43.133","TLSv1.2","2112","Application Data"
"68","56.863259236","37.221.93.182","192.168.43.133","TCP","66","3939  >  48604 [ACK] Seq=29896 Ack=5405 Win=501 Len=0 TSval=3796966194 TSecr=1545018814"
"69","56.970650712","37.221.93.182","192.168.43.133","TCP","66","3939  >  48604 [ACK] Seq=29896 Ack=5580 Win=501 Len=0 TSval=3796966301 TSecr=1545018962"
"70","57.002480537","37.221.93.182","192.168.43.133","TLSv1.2","385","Application Data"
"71","57.063490805","37.221.93.182","192.168.43.133","TCP","66","3939  >  48604 [ACK] Seq=30215 Ack=5819 Win=501 Len=0 TSval=3796966394 TSecr=1545019012"
"72","57.064853976","37.221.93.182","192.168.43.133","TLSv1.2","1076","Application Data"
"73","57.212283747","37.221.93.182","192.168.43.133","TCP","66","3939  >  48604 [ACK] Seq=31225 Ack=6186 Win=501 Len=0 TSval=3796966517 TSecr=1545019195"
"74","57.214749385","37.221.93.182","192.168.43.133","TLSv1.2","724","Application Data"
"75","58.133213994","37.221.93.182","192.168.43.133","TCP","66","3939  >  48604 [ACK] Seq=31883 Ack=6345 Win=501 Len=0 TSval=3796967350 TSecr=1545019967"
"76","58.645535150","37.221.93.182","192.168.43.133","TCP","66","[TCP Dup ACK 24#1] 3939  >  58812 [ACK] Seq=1 Ack=1 Win=501 Len=0 TSval=3796967911 TSecr=1544879317"
"77","58.951974981","37.221.93.182","192.168.43.133","TCP","66","[TCP Dup ACK 30#1] 3939  >  48552 [ACK] Seq=1 Ack=1 Win=501 Len=0 TSval=3796968169 TSecr=1544504924"
"78","60.590102877","192.168.43.1","192.168.43.133","DNS","425","Standard query response 0xd46a AAAA connectivity-check.ubuntu.com AAAA 2620:2d:4000:1::23 AAAA 2620:2d:4002:1::198 AAAA 2001:67c:1562::24 AAAA 2001:67c:1562::23 AAAA 2620:2d:4000:1::96 AAAA 2620:2d:4000:1::2b AAAA 2620:2d:4002:1::197 AAAA 2620:2d:4000:1::98 AAAA 2620:2d:4000:1::22 AAAA 2620:2d:4000:1::97 AAAA 2620:2d:4000:1::2a AAAA 2620:2d:4002:1::196"
"79","66.935399893","37.221.93.182","192.168.43.133","TCP","66","[TCP Dup ACK 31#1] 3939  >  59634 [ACK] Seq=1 Ack=1 Win=2908 Len=0 TSval=3796976183 TSecr=1544934324"
"80","67.549543494","37.221.93.182","192.168.43.133","TLSv1.2","2492","Application Data"
"81","67.549544255","37.221.93.182","192.168.43.133","TCP","66","3939  >  48604 [ACK] Seq=31883 Ack=6520 Win=501 Len=0 TSval=3796976795 TSecr=1545029447"
"82","67.754035417","37.221.93.182","192.168.43.133","TCP","66","3939  >  48604 [ACK] Seq=34309 Ack=6887 Win=501 Len=0 TSval=3796977070 TSecr=1545029678"
"83","68.630760389","37.221.93.182","192.168.43.133","TCP","66","3939  >  48604 [ACK] Seq=34309 Ack=7078 Win=501 Len=0 TSval=3796977968 TSecr=1545030629"
"84","68.658048735","37.221.93.182","192.168.43.133","TLSv1.2","820","Application Data"
"85","68.704452825","37.221.93.182","192.168.43.133","TLSv1.2","612","Application Data"
"86","68.721752689","37.221.93.182","192.168.43.133","TLSv1.2","112","Application Data"
"87","68.730234396","37.221.93.182","192.168.43.133","TLSv1.2","1028","Application Data"
"88","68.988522324","37.221.93.182","192.168.43.133","TLSv1.2","660","Application Data"
"89","68.988522718","37.221.93.182","192.168.43.133","TLSv1.2","708","Application Data"
"90","69.801198329","37.221.93.182","192.168.43.133","TLSv1.2","90","Application Data"
"91","69.801199101","37.221.93.182","192.168.43.133","TCP","66","3939  >  51976 [FIN, ACK] Seq=579 Ack=1684 Win=501 Len=0 TSval=3796979058 TSecr=1545030849"
"92","69.801490161","37.221.93.182","192.168.43.133","TCP","66","3939  >  48604 [ACK] Seq=37807 Ack=8114 Win=501 Len=0 TSval=3796979086 TSecr=1545031688"
"93","70.873832409","37.221.93.182","192.168.43.133","TCP","66","[TCP Dup ACK 32#1] 3939  >  43340 [ACK] Seq=1 Ack=1 Win=501 Len=0 TSval=3796980211 TSecr=1544796903"
"94","70.926402427","37.221.93.182","192.168.43.133","TCP","54","3939  >  51976 [RST] Seq=580 Win=0 Len=0"
"95","72.052685585","32:53:85:7a:41:73","Intel_75:a5:62","ARP","42","Who has 192.168.43.133? Tell 192.168.43.1"
"96","72.257358318","185.125.190.57","192.168.43.133","NTP","90","NTP Version 4, server"
"97","74.764601224","37.221.93.182","192.168.43.133","TLSv1.2","161","Application Data"
"98","75.292188327","37.221.93.182","192.168.43.133","TCP","66","[TCP Dup ACK 40#1] 3939  >  47244 [ACK] Seq=1 Ack=1 Win=501 Len=0 TSval=3796984490 TSecr=1544804521"
"99","75.923224282","37.221.93.182","192.168.43.133","TCP","78","[TCP Dup ACK 32#2] 3939  >  43340 [ACK] Seq=96 Ack=1 Win=501 Len=0 TSval=3796985150 TSecr=1545036932 SLE=25 SRE=26"
"100","75.923224844","37.221.93.182","192.168.43.133","TCP","66","3939  >  43340 [ACK] Seq=96 Ack=26 Win=501 Len=0 TSval=3796985162 TSecr=1545037894"
"101","77.077228028","37.221.93.182","192.168.43.133","TLSv1.2","90","Application Data"
"102","77.077228877","37.221.93.182","192.168.43.133","TCP","66","3939  >  43340 [FIN, ACK] Seq=120 Ack=26 Win=501 Len=0 TSval=3796986162 TSecr=1545037894"
"103","91.971526137","37.221.93.182","192.168.43.133","TCP","66","[TCP Dup ACK 55#1] 3939  >  36144 [ACK] Seq=517 Ack=1227 Win=501 Len=0 TSval=3797000935 TSecr=1545006233"
"104","92.278461983","37.221.93.182","192.168.43.133","TCP","66","3939  >  59634 [ACK] Seq=1 Ack=1389 Win=2906 Len=0 TSval=3797001357 TSecr=1545054252"
"105","92.282514696","37.221.93.182","192.168.43.133","TCP","66","3939  >  59634 [ACK] Seq=1 Ack=2777 Win=2906 Len=0 TSval=3797001362 TSecr=1545054252"
"106","92.286541636","37.221.93.182","192.168.43.133","TCP","66","3939  >  59634 [ACK] Seq=1 Ack=4165 Win=2905 Len=0 TSval=3797001366 TSecr=1545054252"
"107","92.286894437","37.221.93.182","192.168.43.133","TCP","66","3939  >  59634 [ACK] Seq=1 Ack=4523 Win=2907 Len=0 TSval=3797001367 TSecr=1545054252"
"108","92.289012915","37.221.93.182","192.168.43.133","TLSv1.2","127","Application Data"
"109","92.326712514","37.221.93.182","192.168.43.133","TCP","66","3939  >  59634 [ACK] Seq=62 Ack=7299 Win=2908 Len=0 TSval=3797001406 TSecr=1545054265"
"110","92.363713591","37.221.93.182","192.168.43.133","TCP","66","3939  >  59634 [ACK] Seq=62 Ack=10075 Win=2908 Len=0 TSval=3797001439 TSecr=1545054290"
"111","92.402939876","37.221.93.182","192.168.43.133","TCP","66","3939  >  59634 [ACK] Seq=62 Ack=10673 Win=2908 Len=0 TSval=3797001482 TSecr=1545054335"
"112","92.478941637","37.221.93.182","192.168.43.133","TLSv1.2","319","Application Data"
"113","92.480160707","37.221.93.182","192.168.43.133","TLSv1.2","119","Application Data"
"114","92.690617090","37.221.93.182","192.168.43.133","TCP","66","3939  >  59634 [ACK] Seq=368 Ack=12061 Win=2906 Len=0 TSval=3797001668 TSecr=1545054574"
"115","92.690617458","37.221.93.182","192.168.43.133","TCP","66","3939  >  59634 [ACK] Seq=368 Ack=13449 Win=2906 Len=0 TSval=3797001674 TSecr=1545054574"
"116","92.690617539","37.221.93.182","192.168.43.133","TCP","66","3939  >  59634 [ACK] Seq=368 Ack=14371 Win=2908 Len=0 TSval=3797001676 TSecr=1545054607"
"117","92.690617620","37.221.93.182","192.168.43.133","TCP","66","3939  >  59634 [ACK] Seq=368 Ack=14428 Win=2908 Len=0 TSval=3797001678 TSecr=1545054612"
"118","92.730979266","37.221.93.182","192.168.43.133","TLSv1.2","286","Application Data"
"119","92.731156820","37.221.93.182","192.168.43.133","TLSv1.2","160","Application Data"
"120","92.998704429","37.221.93.182","192.168.43.133","TLSv1.2","127","Application Data"
"121","92.998704710","37.221.93.182","192.168.43.133","TCP","66","3939  >  47244 [ACK] Seq=1 Ack=163 Win=501 Len=0 TSval=3797002050 TSecr=1545054966"
"122","93.028172788","37.221.93.182","192.168.43.133","TLSv1.2","1203","Application Data"
"123","93.167574098","37.221.93.182","192.168.43.133","TLSv1.2","1351","Application Data"
"124","93.167743858","37.221.93.182","192.168.43.133","TLSv1.2","119","Application Data"
"125","93.210920053","37.221.93.182","192.168.43.133","TCP","66","3939  >  59634 [ACK] Seq=1819 Ack=15816 Win=2906 Len=0 TSval=3797002287 TSecr=1545055196"
"126","93.214312497","37.221.93.182","192.168.43.133","TCP","66","3939  >  59634 [ACK] Seq=1819 Ack=17204 Win=2906 Len=0 TSval=3797002290 TSecr=1545055196"
"127","93.217509557","37.221.93.182","192.168.43.133","TCP","66","3939  >  59634 [ACK] Seq=1819 Ack=17262 Win=2908 Len=0 TSval=3797002291 TSecr=1545055196"
"128","93.217706120","37.221.93.182","192.168.43.133","TCP","66","3939  >  59634 [ACK] Seq=1819 Ack=18156 Win=2908 Len=0 TSval=3797002292 TSecr=1545055198"
"129","93.282094738","37.221.93.182","192.168.43.133","TCP","1454","3939  >  59634 [ACK] Seq=1819 Ack=18156 Win=2908 Len=1388 TSval=3797002358 TSecr=1545055198 [TCP PDU reassembled in 131]"
"130","93.282461081","37.221.93.182","192.168.43.133","TCP","1454","3939  >  59634 [PSH, ACK] Seq=3207 Ack=18156 Win=2908 Len=1388 TSval=3797002358 TSecr=1545055198 [TCP PDU reassembled in 131]"
"131","93.283539628","37.221.93.182","192.168.43.133","TLSv1.2","644","Application Data"
"132","93.326011441","37.221.93.182","192.168.43.133","TCP","66","3939  >  47244 [ACK] Seq=1400 Ack=220 Win=501 Len=0 TSval=3797002402 TSecr=1545055296"
"133","93.328290799","37.221.93.182","192.168.43.133","TLSv1.2","319","Application Data"
"134","93.329186045","37.221.93.182","192.168.43.133","TLSv1.2","119","Application Data"
"135","93.512702861","37.221.93.182","192.168.43.133","TCP","2842","3939  >  59634 [PSH, ACK] Seq=5479 Ack=18156 Win=2908 Len=2776 TSval=3797002505 TSecr=1545055409 [TCP PDU reassembled in 136]"
"136","93.512703485","37.221.93.182","192.168.43.133","TLSv1.2","349","Application Data"
"137","93.717799955","37.221.93.182","192.168.43.133","TCP","2842","3939  >  59634 [PSH, ACK] Seq=8538 Ack=18156 Win=2908 Len=2776 TSval=3797002764 TSecr=1545055640 [TCP PDU reassembled in 138]"
"138","93.717800250","37.221.93.182","192.168.43.133","TLSv1.2","1175","Application Data"
"139","93.719976483","37.221.93.182","192.168.43.133","TCP","1454","3939  >  59634 [ACK] Seq=12423 Ack=18156 Win=2908 Len=1388 TSval=3797002794 TSecr=1545055640 [TCP PDU reassembled in 141]"
"140","93.720277756","37.221.93.182","192.168.43.133","TCP","1454","3939  >  59634 [PSH, ACK] Seq=13811 Ack=18156 Win=2908 Len=1388 TSval=3797002794 TSecr=1545055640 [TCP PDU reassembled in 141]"
"141","93.721176629","37.221.93.182","192.168.43.133","TLSv1.2","503","Application Data"
"142","93.755494807","37.221.93.182","192.168.43.133","TCP","1454","3939  >  59634 [ACK] Seq=15636 Ack=18156 Win=2908 Len=1388 TSval=3797002821 TSecr=1545055640 [TCP PDU reassembled in 144]"
"143","93.755923097","37.221.93.182","192.168.43.133","TCP","1454","3939  >  59634 [PSH, ACK] Seq=17024 Ack=18156 Win=2908 Len=1388 TSval=3797002821 TSecr=1545055640 [TCP PDU reassembled in 144]"
"144","93.757505008","37.221.93.182","192.168.43.133","TLSv1.2","509","Application Data"
"145","93.757505191","37.221.93.182","192.168.43.133","TCP","2842","3939  >  59634 [PSH, ACK] Seq=18855 Ack=18156 Win=2908 Len=2776 TSval=3797002822 TSecr=1545055640 [TCP PDU reassembled in 148]"
"146","93.757505239","37.221.93.182","192.168.43.133","TCP","2842","3939  >  59634 [PSH, ACK] Seq=21631 Ack=18156 Win=2908 Len=2776 TSval=3797002822 TSecr=1545055640 [TCP PDU reassembled in 148]"
"147","93.840778126","37.221.93.182","192.168.43.133","TCP","1454","3939  >  59634 [ACK] Seq=24407 Ack=18156 Win=2908 Len=1388 TSval=3797002914 TSecr=1545055845 [TCP PDU reassembled in 148]"
"148","93.841052534","37.221.93.182","192.168.43.133","TLSv1.2","1454","Application Data"
"149","93.842349321","37.221.93.182","192.168.43.133","TCP","1454","3939  >  59634 [ACK] Seq=27183 Ack=18156 Win=2908 Len=1388 TSval=3797002914 TSecr=1545055845 [TCP PDU reassembled in 150]"
"150","93.843430241","37.221.93.182","192.168.43.133","TLSv1.2","1454","Application Data"
"151","93.844877229","37.221.93.182","192.168.43.133","TCP","1454","3939  >  59634 [ACK] Seq=29959 Ack=18156 Win=2908 Len=1388 TSval=3797002914 TSecr=1545055845 [TCP PDU reassembled in 152]"
"152","93.845293165","37.221.93.182","192.168.43.133","TLSv1.2","1454","Application Data"
"153","93.847669823","37.221.93.182","192.168.43.133","TCP","1454","3939  >  59634 [ACK] Seq=32735 Ack=18156 Win=2908 Len=1388 TSval=3797002921 TSecr=1545055847 [TCP PDU reassembled in 154]"
"154","93.848024547","37.221.93.182","192.168.43.133","TLSv1.2","1454","Application Data"
"155","93.848745143","37.221.93.182","192.168.43.133","TCP","1454","3939  >  59634 [ACK] Seq=35511 Ack=18156 Win=2908 Len=1388 TSval=3797002922 TSecr=1545055847 [TCP PDU reassembled in 157]"
"156","93.849842743","37.221.93.182","192.168.43.133","TCP","1454","3939  >  59634 [PSH, ACK] Seq=36899 Ack=18156 Win=2908 Len=1388 TSval=3797002922 TSecr=1545055847 [TCP PDU reassembled in 157]"
"157","93.850159265","37.221.93.182","192.168.43.133","TLSv1.2","1454","Application Data"
"158","93.851518261","37.221.93.182","192.168.43.133","TCP","1454","3939  >  59634 [PSH, ACK] Seq=39675 Ack=18156 Win=2908 Len=1388 TSval=3797002923 TSecr=1545055848 [TCP PDU reassembled in 162]"
"159","93.879646807","37.221.93.182","192.168.43.133","TCP","1454","3939  >  59634 [ACK] Seq=41063 Ack=18156 Win=2908 Len=1388 TSval=3797002954 TSecr=1545055884 [TCP PDU reassembled in 162]"
"160","93.879987315","37.221.93.182","192.168.43.133","TCP","1454","3939  >  59634 [PSH, ACK] Seq=42451 Ack=18156 Win=2908 Len=1388 TSval=3797002954 TSecr=1545055884 [TCP PDU reassembled in 162]"
"161","93.888771370","37.221.93.182","192.168.43.133","TCP","1454","3939  >  59634 [ACK] Seq=43839 Ack=18156 Win=2908 Len=1388 TSval=3797002954 TSecr=1545055884 [TCP PDU reassembled in 162]"
"162","93.889065873","37.221.93.182","192.168.43.133","TLSv1.2","1454","Application Data"
"163","93.889852349","37.221.93.182","192.168.43.133","TCP","1454","3939  >  59634 [ACK] Seq=46615 Ack=18156 Win=2908 Len=1388 TSval=3797002954 TSecr=1545055884 [TCP PDU reassembled in 164]"
"164","93.892352071","37.221.93.182","192.168.43.133","TLSv1.2","1454","Application Data"
"165","93.892759306","37.221.93.182","192.168.43.133","TCP","1454","3939  >  59634 [ACK] Seq=49391 Ack=18156 Win=2908 Len=1388 TSval=3797002954 TSecr=1545055884 [TCP PDU reassembled in 166]"
"166","93.893411878","37.221.93.182","192.168.43.133","TLSv1.2","1447","Application Data"
"167","93.898567562","37.221.93.182","192.168.43.133","TCP","1454","3939  >  59634 [ACK] Seq=52160 Ack=18156 Win=2908 Len=1388 TSval=3797002972 TSecr=1545055884 [TCP PDU reassembled in 172]"
"168","93.899835424","37.221.93.182","192.168.43.133","TCP","1454","3939  >  59634 [PSH, ACK] Seq=53548 Ack=18156 Win=2908 Len=1388 TSval=3797002972 TSecr=1545055884 [TCP PDU reassembled in 172]"
"169","93.901205234","37.221.93.182","192.168.43.133","TCP","1454","3939  >  59634 [ACK] Seq=54936 Ack=18156 Win=2908 Len=1388 TSval=3797002972 TSecr=1545055884 [TCP PDU reassembled in 172]"
"170","93.902380886","37.221.93.182","192.168.43.133","TCP","1454","3939  >  59634 [PSH, ACK] Seq=56324 Ack=18156 Win=2908 Len=1388 TSval=3797002972 TSecr=1545055884 [TCP PDU reassembled in 172]"
"171","93.902778890","37.221.93.182","192.168.43.133","TCP","1454","3939  >  59634 [ACK] Seq=57712 Ack=18156 Win=2908 Len=1388 TSval=3797002972 TSecr=1545055884 [TCP PDU reassembled in 172]"
"172","93.903450038","37.221.93.182","192.168.43.133","TLSv1.2","1340","Application Data"
"173","93.967903584","37.221.93.182","192.168.43.133","TCP","1454","3939  >  59634 [ACK] Seq=60374 Ack=18156 Win=2908 Len=1388 TSval=3797003036 TSecr=1545055972 [TCP PDU reassembled in 178]"
"174","93.976112625","37.221.93.182","192.168.43.133","TCP","1454","3939  >  59634 [PSH, ACK] Seq=61762 Ack=18156 Win=2908 Len=1388 TSval=3797003036 TSecr=1545055972 [TCP PDU reassembled in 178]"
"175","93.976405471","37.221.93.182","192.168.43.133","TCP","1454","3939  >  59634 [ACK] Seq=63150 Ack=18156 Win=2908 Len=1388 TSval=3797003036 TSecr=1545055972 [TCP PDU reassembled in 178]"
"176","93.977293123","37.221.93.182","192.168.43.133","TCP","1454","3939  >  59634 [PSH, ACK] Seq=64538 Ack=18156 Win=2908 Len=1388 TSval=3797003036 TSecr=1545055972 [TCP PDU reassembled in 178]"
"177","93.977293276","37.221.93.182","192.168.43.133","TCP","1454","3939  >  59634 [ACK] Seq=65926 Ack=18156 Win=2908 Len=1388 TSval=3797003036 TSecr=1545055972 [TCP PDU reassembled in 178]"
"178","93.978833371","37.221.93.182","192.168.43.133","TLSv1.2","1454","Application Data"
"179","93.980776775","37.221.93.182","192.168.43.133","TCP","1454","3939  >  59634 [ACK] Seq=68702 Ack=18156 Win=2908 Len=1388 TSval=3797003036 TSecr=1545055972 [TCP PDU reassembled in 181]"
"180","93.981186904","37.221.93.182","192.168.43.133","TCP","1454","3939  >  59634 [PSH, ACK] Seq=70090 Ack=18156 Win=2908 Len=1388 TSval=3797003036 TSecr=1545055972 [TCP PDU reassembled in 181]"
"181","93.981863353","37.221.93.182","192.168.43.133","TLSv1.2","554","Application Data"
"182","94.333553775","37.221.93.182","192.168.43.133","TCP","66","3939  >  47244 [ACK] Seq=1400 Ack=343 Win=501 Len=0 TSval=3797003384 TSecr=1545056315"
"183","94.539235634","37.221.93.182","192.168.43.133","TLSv1.2","1489","Application Data"
"184","94.539236437","37.221.93.182","192.168.43.133","TLSv1.2","119","Application Data"
"185","95.257856745","37.221.93.182","192.168.43.133","TCP","2842","3939  >  59634 [PSH, ACK] Seq=71966 Ack=18156 Win=2908 Len=2776 TSval=3797004294 TSecr=1545056109 [TCP PDU reassembled in 186]"
"186","95.257856994","37.221.93.182","192.168.43.133","TLSv1.2","697","Application Data"
"187","95.309713713","37.221.93.182","192.168.43.133","TCP","1454","3939  >  59634 [ACK] Seq=75373 Ack=18156 Win=2908 Len=1388 TSval=3797004372 TSecr=1545056109 [TCP PDU reassembled in 189]"
"188","95.310066109","37.221.93.182","192.168.43.133","TCP","1454","3939  >  59634 [PSH, ACK] Seq=76761 Ack=18156 Win=2908 Len=1388 TSval=3797004372 TSecr=1545056109 [TCP PDU reassembled in 189]"
"189","95.310837933","37.221.93.182","192.168.43.133","TLSv1.2","1003","Application Data"
"190","95.462942296","37.221.93.182","192.168.43.133","TCP","66","[TCP Dup ACK 15#2] 3939  >  47080 [ACK] Seq=289 Ack=119 Win=501 Len=0 TSval=3797004517 TSecr=1544965055"
"191","97.310085784","37.221.93.182","192.168.43.133","TLSv1.2","127","Application Data"
"192","97.311092872","37.221.93.182","192.168.43.133","TLSv1.2","653","Application Data"
"193","97.311093530","37.221.93.182","192.168.43.133","TLSv1.2","158","Application Data"
"194","97.515796445","37.221.93.182","192.168.43.133","TCP","66","3939  >  58812 [ACK] Seq=741 Ack=1161 Win=501 Len=0 TSval=3797006542 TSecr=1545059439"
"195","98.131810025","37.221.93.182","192.168.43.133","TCP","2842","3939  >  59634 [PSH, ACK] Seq=79086 Ack=18156 Win=2908 Len=2776 TSval=3797007139 TSecr=1545057438 [TCP PDU reassembled in 196]"
"196","98.131813839","37.221.93.182","192.168.43.133","TLSv1.2","910","Application Data"
"197","98.131814002","37.221.93.182","192.168.43.133","TCP","2842","3939  >  59634 [PSH, ACK] Seq=82706 Ack=18156 Win=2908 Len=2776 TSval=3797007147 TSecr=1545057438 [TCP PDU reassembled in 200]"
"198","98.131814162","37.221.93.182","192.168.43.133","TCP","1454","3939  >  59634 [ACK] Seq=85482 Ack=18156 Win=2908 Len=1388 TSval=3797007147 TSecr=1545057438 [TCP PDU reassembled in 200]"
"199","98.132080809","37.221.93.182","192.168.43.133","TCP","1454","3939  >  59634 [PSH, ACK] Seq=86870 Ack=18156 Win=2908 Len=1388 TSval=3797007147 TSecr=1545057438 [TCP PDU reassembled in 200]"
"200","98.132575649","37.221.93.182","192.168.43.133","TLSv1.2","2728","Application Data"
"201","98.132576039","37.221.93.182","192.168.43.133","TCP","1454","3939  >  59634 [ACK] Seq=90920 Ack=18156 Win=2908 Len=1388 TSval=3797007148 TSecr=1545057438 [TCP PDU reassembled in 202]"
"202","98.336909862","37.221.93.182","192.168.43.133","TLSv1.2","2842","Application Data"
"203","98.336910480","37.221.93.182","192.168.43.133","TCP","2842","3939  >  59634 [PSH, ACK] Seq=95084 Ack=18156 Win=2908 Len=2776 TSval=3797007323 TSecr=1545060259 [TCP PDU reassembled in 206]"
"204","98.336910704","37.221.93.182","192.168.43.133","TCP","1454","3939  >  59634 [ACK] Seq=97860 Ack=18156 Win=2908 Len=1388 TSval=3797007323 TSecr=1545060259 [TCP PDU reassembled in 206]"
"205","98.337309710","37.221.93.182","192.168.43.133","TCP","1454","3939  >  59634 [PSH, ACK] Seq=99248 Ack=18156 Win=2908 Len=1388 TSval=3797007323 TSecr=1545060259 [TCP PDU reassembled in 206]"
"206","98.337309964","37.221.93.182","192.168.43.133","TLSv1.2","582","Application Data"
"207","98.337310164","37.221.93.182","192.168.43.133","TCP","66","3939  >  59634 [ACK] Seq=101152 Ack=18248 Win=2908 Len=0 TSval=3797007331 TSecr=1545060261"
"208","98.541086258","37.221.93.182","192.168.43.133","TCP","66","3939  >  59634 [ACK] Seq=101152 Ack=19636 Win=2906 Len=0 TSval=3797007565 TSecr=1545060497"
"209","98.541086496","37.221.93.182","192.168.43.133","TCP","66","3939  >  59634 [ACK] Seq=101152 Ack=21024 Win=2906 Len=0 TSval=3797007571 TSecr=1545060497"
"210","98.541086541","37.221.93.182","192.168.43.133","TCP","66","3939  >  59634 [ACK] Seq=101152 Ack=21938 Win=2908 Len=0 TSval=3797007571 TSecr=1545060497"
"211","98.612489314","37.221.93.182","192.168.43.133","TCP","1454","3939  >  59634 [ACK] Seq=101152 Ack=21938 Win=2908 Len=1388 TSval=3797007676 TSecr=1545060497 [TCP PDU reassembled in 213]"
"212","98.612749336","37.221.93.182","192.168.43.133","TCP","1454","3939  >  59634 [PSH, ACK] Seq=102540 Ack=21938 Win=2908 Len=1388 TSval=3797007676 TSecr=1545060497 [TCP PDU reassembled in 213]"
"213","98.613595047","37.221.93.182","192.168.43.133","TLSv1.2","910","Application Data"
"214","98.619986385","37.221.93.182","192.168.43.133","TLSv1.2","350","Application Data"
"215","98.951686769","37.221.93.182","192.168.43.133","TCP","2842","3939  >  59634 [PSH, ACK] Seq=105056 Ack=21938 Win=2908 Len=2776 TSval=3797007884 TSecr=1545060747 [TCP PDU reassembled in 216]"
"216","98.951686975","37.221.93.182","192.168.43.133","TLSv1.2","902","Application Data"
"217","99.017948388","37.221.93.182","192.168.43.133","TCP","1454","3939  >  59634 [ACK] Seq=108668 Ack=21938 Win=2908 Len=1388 TSval=3797008080 TSecr=1545060747 [TCP PDU reassembled in 219]"
"218","99.026736951","37.221.93.182","192.168.43.133","TCP","1454","3939  >  59634 [PSH, ACK] Seq=110056 Ack=21938 Win=2908 Len=1388 TSval=3797008080 TSecr=1545060747 [TCP PDU reassembled in 219]"
"219","99.027029444","37.221.93.182","192.168.43.133","TLSv1.2","914","Application Data"
"220","99.094942035","37.221.93.182","192.168.43.133","TCP","1454","3939  >  59634 [ACK] Seq=112292 Ack=21938 Win=2908 Len=1388 TSval=3797008158 TSecr=1545061079 [TCP PDU reassembled in 222]"
"221","99.095175366","37.221.93.182","192.168.43.133","TCP","1454","3939  >  59634 [PSH, ACK] Seq=113680 Ack=21938 Win=2908 Len=1388 TSval=3797008158 TSecr=1545061079 [TCP PDU reassembled in 222]"
"222","99.095838067","37.221.93.182","192.168.43.133","TLSv1.2","878","Application Data"
"223","99.110037871","37.221.93.182","192.168.43.133","TCP","1454","3939  >  59634 [ACK] Seq=115880 Ack=21938 Win=2908 Len=1388 TSval=3797008172 TSecr=1545061079 [TCP PDU reassembled in 225]"
"224","99.110412947","37.221.93.182","192.168.43.133","TCP","1454","3939  >  59634 [PSH, ACK] Seq=117268 Ack=21938 Win=2908 Len=1388 TSval=3797008172 TSecr=1545061079 [TCP PDU reassembled in 225]"
"225","99.111077613","37.221.93.182","192.168.43.133","TLSv1.2","926","Application Data"
"226","99.118552142","37.221.93.182","192.168.43.133","TCP","1454","3939  >  59634 [ACK] Seq=119516 Ack=21938 Win=2908 Len=1388 TSval=3797008181 TSecr=1545061079 [TCP PDU reassembled in 228]"
"227","99.118998686","37.221.93.182","192.168.43.133","TCP","1454","3939  >  59634 [PSH, ACK] Seq=120904 Ack=21938 Win=2908 Len=1388 TSval=3797008181 TSecr=1545061079 [TCP PDU reassembled in 228]"
"228","99.119390289","37.221.93.182","192.168.43.133","TLSv1.2","906","Application Data"
"229","99.124046463","37.221.93.182","192.168.43.133","TCP","1454","3939  >  59634 [ACK] Seq=123132 Ack=21938 Win=2908 Len=1388 TSval=3797008186 TSecr=1545061079 [TCP PDU reassembled in 231]"
"230","99.125067626","37.221.93.182","192.168.43.133","TCP","1454","3939  >  59634 [PSH, ACK] Seq=124520 Ack=21938 Win=2908 Len=1388 TSval=3797008186 TSecr=1545061079 [TCP PDU reassembled in 231]"
"231","99.126486309","37.221.93.182","192.168.43.133","TLSv1.2","858","Application Data"
"232","99.126858835","37.221.93.182","192.168.43.133","TCP","1454","3939  >  59634 [ACK] Seq=126700 Ack=21938 Win=2908 Len=1388 TSval=3797008190 TSecr=1545061079 [TCP PDU reassembled in 234]"
"233","99.127647832","37.221.93.182","192.168.43.133","TCP","1454","3939  >  59634 [PSH, ACK] Seq=128088 Ack=21938 Win=2908 Len=1388 TSval=3797008190 TSecr=1545061079 [TCP PDU reassembled in 234]"
"234","99.128742000","37.221.93.182","192.168.43.133","TLSv1.2","866","Application Data"
"235","99.150317535","37.221.93.182","192.168.43.133","TCP","1454","3939  >  59634 [ACK] Seq=130276 Ack=21938 Win=2908 Len=1388 TSval=3797008212 TSecr=1545061154 [TCP PDU reassembled in 237]"
"236","99.150692142","37.221.93.182","192.168.43.133","TCP","1454","3939  >  59634 [PSH, ACK] Seq=131664 Ack=21938 Win=2908 Len=1388 TSval=3797008212 TSecr=1545061154 [TCP PDU reassembled in 237]"
"237","99.151344204","37.221.93.182","192.168.43.133","TLSv1.2","924","Application Data"
"238","99.166134203","37.221.93.182","192.168.43.133","TCP","1454","3939  >  59634 [ACK] Seq=133910 Ack=21938 Win=2908 Len=1388 TSval=3797008229 TSecr=1545061154 [TCP PDU reassembled in 240]"
"239","99.166442947","37.221.93.182","192.168.43.133","TCP","1454","3939  >  59634 [PSH, ACK] Seq=135298 Ack=21938 Win=2908 Len=1388 TSval=3797008229 TSecr=1545061154 [TCP PDU reassembled in 240]"
"240","99.167193249","37.221.93.182","192.168.43.133","TLSv1.2","938","Application Data"
"241","99.178120670","37.221.93.182","192.168.43.133","TCP","1454","3939  >  59634 [ACK] Seq=137558 Ack=21938 Win=2908 Len=1388 TSval=3797008240 TSecr=1545061154 [TCP PDU reassembled in 243]"
"242","99.178432037","37.221.93.182","192.168.43.133","TCP","1454","3939  >  59634 [PSH, ACK] Seq=138946 Ack=21938 Win=2908 Len=1388 TSval=3797008240 TSecr=1545061154 [TCP PDU reassembled in 243]"
"243","99.179692540","37.221.93.182","192.168.43.133","TLSv1.2","938","Application Data"
"244","99.188058312","37.221.93.182","192.168.43.133","TCP","1454","3939  >  59634 [ACK] Seq=141206 Ack=21938 Win=2908 Len=1388 TSval=3797008250 TSecr=1545061154 [TCP PDU reassembled in 246]"
"245","99.188756348","37.221.93.182","192.168.43.133","TCP","1454","3939  >  59634 [PSH, ACK] Seq=142594 Ack=21938 Win=2908 Len=1388 TSval=3797008250 TSecr=1545061154 [TCP PDU reassembled in 246]"
"246","99.189066910","37.221.93.182","192.168.43.133","TLSv1.2","938","Application Data"
"247","99.286611522","192.168.43.1","192.168.43.133","DNS","135","Standard query response 0xbf6d AAAA hgi5.tin9.ir SOA jerry.ns.cloudflare.com"
"248","99.290528935","192.168.43.1","192.168.43.133","DNS","88","Standard query response 0xb7f2 A hgi5.tin9.ir A 37.221.93.182"
"249","99.464211813","37.221.93.182","192.168.43.133","TCP","74","3939  >  52504 [SYN, ACK] Seq=0 Ack=1 Win=65160 Len=0 MSS=1400 SACK_PERM TSval=3797008464 TSecr=1545061418 WS=128"
"250","99.663600836","37.221.93.182","192.168.43.133","TCP","66","3939  >  52504 [ACK] Seq=1 Ack=1756 Win=63872 Len=0 TSval=3797008652 TSecr=1545061592"
"251","99.663601605","37.221.93.182","192.168.43.133","TLSv1.3","2842","Server Hello, Change Cipher Spec"
"252","99.663601788","37.221.93.182","192.168.43.133","TLSv1.3","760","Application Data"
"253","99.874552929","37.221.93.182","192.168.43.133","TLSv1.3","516","Application Data"
"254","99.874553225","37.221.93.182","192.168.43.133","TLSv1.3","128","Application Data"
"255","99.874553265","37.221.93.182","192.168.43.133","TCP","66","3939  >  52504 [ACK] Seq=3983 Ack=4004 Win=64128 Len=0 TSval=3797008869 TSecr=1545061793"
"256","99.874669522","37.221.93.182","192.168.43.133","TCP","66","[TCP Dup ACK 22#2] 3939  >  40950 [ACK] Seq=1 Ack=1 Win=501 Len=0 TSval=3797008848 TSecr=1544830702"
"257","100.081107756","37.221.93.182","192.168.43.133","TCP","2842","3939  >  59634 [PSH, ACK] Seq=144854 Ack=21938 Win=2908 Len=2776 TSval=3797009060 TSecr=1545061316 [TCP PDU reassembled in 258]"
"258","100.081108587","37.221.93.182","192.168.43.133","TLSv1.2","1865","Application Data"
"259","100.081108738","37.221.93.182","192.168.43.133","TLSv1.3","1274","Application Data"
"260","100.081108891","37.221.93.182","192.168.43.133","TLSv1.3","2438","Application Data"
"261","100.081541242","37.221.93.182","192.168.43.133","TCP","2842","3939  >  59634 [PSH, ACK] Seq=149429 Ack=21938 Win=2908 Len=2776 TSval=3797009103 TSecr=1545061316 [TCP PDU reassembled in 262]"
"262","100.081542293","37.221.93.182","192.168.43.133","TLSv1.2","830","Application Data"
"263","100.285422280","37.221.93.182","192.168.43.133","TCP","66","3939  >  52504 [ACK] Seq=7563 Ack=6375 Win=63872 Len=0 TSval=3797009274 TSecr=1545062210"
"264","100.285422836","37.221.93.182","192.168.43.133","TCP","66","3939  >  52504 [ACK] Seq=7563 Ack=9151 Win=64128 Len=0 TSval=3797009279 TSecr=1545062212"
"265","100.285422997","37.221.93.182","192.168.43.133","TCP","66","3939  >  52504 [ACK] Seq=7563 Ack=11927 Win=64128 Len=0 TSval=3797009285 TSecr=1545062212"
"266","100.285423124","37.221.93.182","192.168.43.133","TCP","66","3939  >  52504 [ACK] Seq=7563 Ack=12078 Win=64128 Len=0 TSval=3797009330 TSecr=1545062213"
"267","100.285423250","37.221.93.182","192.168.43.133","TCP","2842","3939  >  59634 [PSH, ACK] Seq=152969 Ack=21938 Win=2908 Len=2776 TSval=3797009346 TSecr=1545062208 [TCP PDU reassembled in 270]"
"268","100.286130836","37.221.93.182","192.168.43.133","TCP","1454","3939  >  59634 [ACK] Seq=155745 Ack=21938 Win=2908 Len=1388 TSval=3797009346 TSecr=1545062208 [TCP PDU reassembled in 270]"
"269","100.287612338","37.221.93.182","192.168.43.133","TCP","1454","3939  >  59634 [PSH, ACK] Seq=157133 Ack=21938 Win=2908 Len=1388 TSval=3797009346 TSecr=1545062208 [TCP PDU reassembled in 270]"
"270","100.287612585","37.221.93.182","192.168.43.133","TLSv1.2","2728","Application Data"
"271","100.288349236","37.221.93.182","192.168.43.133","TCP","1454","3939  >  59634 [ACK] Seq=161183 Ack=21938 Win=2908 Len=1388 TSval=3797009346 TSecr=1545062208 [TCP PDU reassembled in 275]"
"272","100.290442367","37.221.93.182","192.168.43.133","TCP","1454","3939  >  59634 [PSH, ACK] Seq=162571 Ack=21938 Win=2908 Len=1388 TSval=3797009346 TSecr=1545062208 [TCP PDU reassembled in 275]"
"273","100.290442515","37.221.93.182","192.168.43.133","TCP","1454","3939  >  59634 [ACK] Seq=163959 Ack=21938 Win=2908 Len=1388 TSval=3797009346 TSecr=1545062208 [TCP PDU reassembled in 275]"
"274","100.290493627","37.221.93.182","192.168.43.133","TCP","1454","3939  >  59634 [PSH, ACK] Seq=165347 Ack=21938 Win=2908 Len=1388 TSval=3797009346 TSecr=1545062208 [TCP PDU reassembled in 275]"
"275","100.290493713","37.221.93.182","192.168.43.133","TLSv1.2","2812","Application Data, Application Data"
"276","100.291315717","37.221.93.182","192.168.43.133","TCP","1454","3939  >  59634 [ACK] Seq=169481 Ack=21938 Win=2908 Len=1388 TSval=3797009346 TSecr=1545062208 [TCP PDU reassembled in 282]"
"277","100.292036762","37.221.93.182","192.168.43.133","TCP","1454","3939  >  59634 [PSH, ACK] Seq=170869 Ack=21938 Win=2908 Len=1388 TSval=3797009346 TSecr=1545062208 [TCP PDU reassembled in 282]"
"278","100.357978192","37.221.93.182","192.168.43.133","TLSv1.3","1056","Application Data"
"279","100.404297189","37.221.93.182","192.168.43.133","TCP","1454","3939  >  59634 [ACK] Seq=172257 Ack=21938 Win=2908 Len=1388 TSval=3797009464 TSecr=1545062414 [TCP PDU reassembled in 282]"
"280","100.404597061","37.221.93.182","192.168.43.133","TCP","1454","3939  >  59634 [PSH, ACK] Seq=173645 Ack=21938 Win=2908 Len=1388 TSval=3797009464 TSecr=1545062414 [TCP PDU reassembled in 282]"
"281","100.405482869","37.221.93.182","192.168.43.133","TCP","1454","3939  >  59634 [ACK] Seq=175033 Ack=21938 Win=2908 Len=1388 TSval=3797009464 TSecr=1545062414 [TCP PDU reassembled in 282]"
"282","100.406175378","37.221.93.182","192.168.43.133","TLSv1.2","1454","Application Data"
"283","100.406175811","37.221.93.182","192.168.43.133","TCP","1454","3939  >  59634 [ACK] Seq=177809 Ack=21938 Win=2908 Len=1388 TSval=3797009464 TSecr=1545062414 [TCP PDU reassembled in 288]"
"284","100.407367776","37.221.93.182","192.168.43.133","TCP","1454","3939  >  59634 [PSH, ACK] Seq=179197 Ack=21938 Win=2908 Len=1388 TSval=3797009464 TSecr=1545062414 [TCP PDU reassembled in 288]"
"285","100.407771064","37.221.93.182","192.168.43.133","TCP","1454","3939  >  59634 [ACK] Seq=180585 Ack=21938 Win=2908 Len=1388 TSval=3797009464 TSecr=1545062414 [TCP PDU reassembled in 288]"
"286","100.408590650","37.221.93.182","192.168.43.133","TCP","1454","3939  >  59634 [PSH, ACK] Seq=181973 Ack=21938 Win=2908 Len=1388 TSval=3797009464 TSecr=1545062414 [TCP PDU reassembled in 288]"
"287","100.409859826","37.221.93.182","192.168.43.133","TCP","1454","3939  >  59634 [ACK] Seq=183361 Ack=21938 Win=2908 Len=1388 TSval=3797009471 TSecr=1545062418 [TCP PDU reassembled in 288]"
"288","100.410263100","37.221.93.182","192.168.43.133","TLSv1.2","1454","Application Data, Application Data"
"289","100.411028045","37.221.93.182","192.168.43.133","TLSv1.2","1235","Application Data, Application Data"
"290","100.729105418","37.221.93.182","192.168.43.133","TCP","66","3939  >  59634 [ACK] Seq=187306 Ack=23326 Win=2906 Len=0 TSval=3797009773 TSecr=1545062701"
"291","100.729428106","37.221.93.182","192.168.43.133","TCP","66","3939  >  59634 [ACK] Seq=187306 Ack=24714 Win=2906 Len=0 TSval=3797009776 TSecr=1545062701"
"292","100.730719075","37.221.93.182","192.168.43.133","TCP","66","3939  >  59634 [ACK] Seq=187306 Ack=26102 Win=2906 Len=0 TSval=3797009780 TSecr=1545062701"
"293","100.730719181","37.221.93.182","192.168.43.133","TCP","66","3939  >  59634 [ACK] Seq=187306 Ack=27490 Win=2906 Len=0 TSval=3797009782 TSecr=1545062701"
"294","100.732759345","37.221.93.182","192.168.43.133","TCP","66","3939  >  59634 [ACK] Seq=187306 Ack=28150 Win=2908 Len=0 TSval=3797009794 TSecr=1545062702"
"295","100.733098087","37.221.93.182","192.168.43.133","TCP","66","3939  >  59634 [ACK] Seq=187306 Ack=33702 Win=2884 Len=0 TSval=3797009794 TSecr=1545062713"
"296","100.733594599","37.221.93.182","192.168.43.133","TCP","66","3939  >  59634 [ACK] Seq=187306 Ack=34160 Win=2908 Len=0 TSval=3797009794 TSecr=1545062714"
"297","100.799619556","37.221.93.182","192.168.43.133","TCP","66","3939  >  40950 [ACK] Seq=1 Ack=213 Win=501 Len=0 TSval=3797009860 TSecr=1545062802"
"298","100.799997082","37.221.93.182","192.168.43.133","TLSv1.2","127","Application Data"
"299","100.816679946","37.221.93.182","192.168.43.133","TLSv1.2","940","Application Data"
"300","100.816973279","37.221.93.182","192.168.43.133","TLSv1.2","127","Application Data"
"301","100.854778521","37.221.93.182","192.168.43.133","TLSv1.2","354","Application Data"
"302","100.855470942","37.221.93.182","192.168.43.133","TCP","66","3939  >  59634 [ACK] Seq=187594 Ack=35548 Win=2904 Len=0 TSval=3797009915 TSecr=1545062856"
"303","100.859486791","37.221.93.182","192.168.43.133","TCP","66","3939  >  59634 [ACK] Seq=187594 Ack=36936 Win=2905 Len=0 TSval=3797009919 TSecr=1545062856"
"304","100.859710039","37.221.93.182","192.168.43.133","TCP","66","3939  >  59634 [ACK] Seq=187594 Ack=37335 Win=2907 Len=0 TSval=3797009920 TSecr=1545062857"
"305","100.900177941","37.221.93.182","192.168.43.133","TCP","66","3939  >  48604 [ACK] Seq=37807 Ack=8321 Win=501 Len=0 TSval=3797009960 TSecr=1545062895"
"306","100.905619869","37.221.93.182","192.168.43.133","TLSv1.2","587","Application Data"
"307","100.909217479","37.221.93.182","192.168.43.133","TCP","1454","3939  >  48604 [ACK] Seq=37807 Ack=8321 Win=501 Len=1388 TSval=3797009970 TSecr=1545062895 [TCP PDU reassembled in 309]"
"308","100.909764626","37.221.93.182","192.168.43.133","TCP","1454","3939  >  48604 [PSH, ACK] Seq=39195 Ack=8321 Win=501 Len=1388 TSval=3797009970 TSecr=1545062895 [TCP PDU reassembled in 309]"
"309","100.910060786","37.221.93.182","192.168.43.133","TLSv1.2","109","Application Data"
"310","100.911513115","37.221.93.182","192.168.43.133","TCP","1454","3939  >  48604 [ACK] Seq=40626 Ack=8321 Win=501 Len=1388 TSval=3797009971 TSecr=1545062895 [TCP PDU reassembled in 312]"
"311","100.911977971","37.221.93.182","192.168.43.133","TCP","1454","3939  >  48604 [PSH, ACK] Seq=42014 Ack=8321 Win=501 Len=1388 TSval=3797009971 TSecr=1545062895 [TCP PDU reassembled in 312]"
"312","100.912643611","37.221.93.182","192.168.43.133","TLSv1.2","1200","Application Data"
"313","100.914177718","37.221.93.182","192.168.43.133","TLSv1.2","146","Application Data"
"314","100.914871235","37.221.93.182","192.168.43.133","TCP","1454","3939  >  59634 [ACK] Seq=188195 Ack=37335 Win=2908 Len=1388 TSval=3797009975 TSecr=1545062857 [TCP PDU reassembled in 315]"
"315","100.915133344","37.221.93.182","192.168.43.133","TLSv1.2","84","Application Data"
"316","100.981405424","37.221.93.182","192.168.43.133","TCP","66","3939  >  40950 [ACK] Seq=997 Ack=309 Win=501 Len=0 TSval=3797010042 TSecr=1545062945"
"317","100.990810302","37.221.93.182","192.168.43.133","TLSv1.2","206","Application Data"
"318","100.991306856","37.221.93.182","192.168.43.133","TLSv1.2","119","Application Data"
"319","101.207968914","37.221.93.182","192.168.43.133","TCP","66","3939  >  48604 [ACK] Seq=44536 Ack=8592 Win=501 Len=0 TSval=3797010154 TSecr=1545063039"
"320","102.011761823","37.221.93.182","192.168.43.133","TCP","66","3939  >  48604 [ACK] Seq=44536 Ack=9023 Win=501 Len=0 TSval=3797011070 TSecr=1545063990"
"321","102.036637937","37.221.93.182","192.168.43.133","TLSv1.2","708","Application Data"
"322","102.078752915","37.221.93.182","192.168.43.133","TCP","1454","3939  >  48604 [ACK] Seq=45178 Ack=9310 Win=501 Len=1388 TSval=3797011137 TSecr=1545064039 [TCP PDU reassembled in 323]"
"323","102.079057350","37.221.93.182","192.168.43.133","TLSv1.2","904","Application Data"
"324","102.438037013","37.221.93.182","192.168.43.133","TLSv1.2","836","Application Data"
"325","104.693294188","185.125.190.57","192.168.43.133","NTP","90","NTP Version 4, server"
"326","105.690035139","192.168.43.1","192.168.43.133","DNS","72","Standard query response 0xf4ae AAAA hgi5.tin9.ir"
"327","105.921181300","37.221.93.182","192.168.43.133","TCP","74","3939  >  46844 [SYN, ACK] Seq=0 Ack=1 Win=65160 Len=0 MSS=1400 SACK_PERM TSval=3797014871 TSecr=1545067818 WS=128"
"328","106.125877281","32:53:85:7a:41:73","Intel_75:a5:62","ARP","42","Who has 192.168.43.133? Tell 192.168.43.1"
"329","106.125877430","37.221.93.182","192.168.43.133","TCP","66","3939  >  46844 [ACK] Seq=1 Ack=1389 Win=64128 Len=0 TSval=3797015104 TSecr=1545068050"
"330","106.125877470","37.221.93.182","192.168.43.133","TCP","66","3939  >  46844 [ACK] Seq=1 Ack=1756 Win=64128 Len=0 TSval=3797015104 TSecr=1545068050"
"331","106.125877509","37.221.93.182","192.168.43.133","TLSv1.3","2842","Server Hello, Change Cipher Spec"
"332","106.125877548","37.221.93.182","192.168.43.133","TLSv1.3","760","Application Data"
"333","106.330043645","37.221.93.182","192.168.43.133","TLSv1.3","516","Application Data"
"334","106.330059226","37.221.93.182","192.168.43.133","TLSv1.3","128","Application Data"
"335","106.330059491","37.221.93.182","192.168.43.133","TCP","66","3939  >  46844 [ACK] Seq=3983 Ack=3784 Win=64128 Len=0 TSval=3797015315 TSecr=1545068253"
"336","106.330059702","37.221.93.182","192.168.43.133","TLSv1.3","189","Application Data"
"337","106.534972455","37.221.93.182","192.168.43.133","TLSv1.3","2460","Application Data"
"338","106.534973378","37.221.93.182","192.168.43.133","TCP","2842","3939  >  46844 [PSH, ACK] Seq=6500 Ack=4519 Win=64128 Len=2776 TSval=3797015527 TSecr=1545068462 [TCP PDU reassembled in 339]"
"339","106.534973619","37.221.93.182","192.168.43.133","TLSv1.3","1033","Application Data, Application Data"
"340","106.738484563","37.221.93.182","192.168.43.133","TCP","66","3939  >  46844 [ACK] Seq=10243 Ack=5461 Win=64128 Len=0 TSval=3797015726 TSecr=1545068666"
"341","106.738485307","37.221.93.182","192.168.43.133","TLSv1.3","191","Application Data"
"342","106.738485456","37.221.93.182","192.168.43.133","TLSv1.3","854","Application Data"
"343","107.146924730","37.221.93.182","192.168.43.133","TCP","66","3939  >  46844 [ACK] Seq=11156 Ack=6401 Win=64128 Len=0 TSval=3797016038 TSecr=1545068929"
"344","107.555988324","37.221.93.182","192.168.43.133","TLSv1.3","538","Application Data"
"345","107.760253877","37.221.93.182","192.168.43.133","TCP","66","[TCP Dup ACK 30#2] 3939  >  48552 [ACK] Seq=1 Ack=1 Win=501 Len=0 TSval=3797016784 TSecr=1544504924"
"346","109.599866092","37.221.93.182","192.168.43.133","TLSv1.2","1437","Application Data"
"347","109.677496510","192.168.43.1","192.168.43.133","DNS","72","Standard query response 0x51d8 AAAA hgi5.tin9.ir"
"348","110.009039180","37.221.93.182","192.168.43.133","TCP","74","3939  >  46854 [SYN, ACK] Seq=0 Ack=1 Win=65160 Len=0 MSS=1400 SACK_PERM TSval=3797018864 TSecr=1545071805 WS=128"
"349","110.009039832","37.221.93.182","192.168.43.133","TCP","1437","[TCP Retransmission] 3939  >  48604 [PSH, ACK] Seq=48174 Ack=9820 Win=501 Len=1371 TSval=3797019046 TSecr=1545071444"
"350","110.213619176","37.221.93.182","192.168.43.133","TCP","66","3939  >  46854 [ACK] Seq=1 Ack=1724 Win=63488 Len=0 TSval=3797019208 TSecr=1545072139"
"351","110.213619479","37.221.93.182","192.168.43.133","TLSv1.3","2842","Server Hello, Change Cipher Spec"
"352","110.213619555","37.221.93.182","192.168.43.133","TLSv1.3","760","Application Data"
"353","110.213619617","37.221.93.182","192.168.43.133","TCP","66","3939  >  48604 [ACK] Seq=49545 Ack=9947 Win=501 Len=0 TSval=3797019270 TSecr=1545072138"
"354","110.417692635","37.221.93.182","192.168.43.133","TLSv1.3","516","Application Data"
"355","110.417693421","37.221.93.182","192.168.43.133","TLSv1.3","128","Application Data"
"356","110.418559120","37.221.93.182","192.168.43.133","TCP","66","3939  >  46854 [ACK] Seq=3983 Ack=3724 Win=64128 Len=0 TSval=3797019417 TSecr=1545072342"
"357","110.826778224","37.221.93.182","192.168.43.133","TCP","66","3939  >  48604 [ACK] Seq=49545 Ack=10266 Win=501 Len=0 TSval=3797019841 TSecr=1545072778"
"358","110.826778935","37.221.93.182","192.168.43.133","TLSv1.2","1236","Application Data"
"359","110.826778988","37.221.93.182","192.168.43.133","TLSv1.3","189","Application Data"
"360","111.031461574","37.221.93.182","192.168.43.133","TLSv1.2","708","Application Data"
"361","111.031462120","37.221.93.182","192.168.43.133","TLSv1.2","724","Application Data"
"362","111.031462273","37.221.93.182","192.168.43.133","TCP","66","3939  >  46854 [ACK] Seq=4106 Ack=4429 Win=64128 Len=0 TSval=3797020062 TSecr=1545072955"
"363","111.236421120","37.221.93.182","192.168.43.133","TLSv1.3","2460","Application Data"
"364","111.236421892","37.221.93.182","192.168.43.133","TCP","2842","3939  >  46854 [PSH, ACK] Seq=6500 Ack=4429 Win=64128 Len=2776 TSval=3797020248 TSecr=1545072955 [TCP PDU reassembled in 365]"
"365","111.236508849","37.221.93.182","192.168.43.133","TLSv1.3","1330","Application Data, Application Data"
"366","111.440498243","37.221.93.182","192.168.43.133","TCP","66","3939  >  46854 [ACK] Seq=10540 Ack=5144 Win=64128 Len=0 TSval=3797020438 TSecr=1545073373"
"367","111.440498961","37.221.93.182","192.168.43.133","TCP","66","3939  >  46854 [ACK] Seq=10540 Ack=6283 Win=64128 Len=0 TSval=3797020440 TSecr=1545073373"
"368","111.644459731","37.221.93.182","192.168.43.133","TLSv1.3","253","Application Data"
"369","111.644460470","37.221.93.182","192.168.43.133","TLSv1.3","119","Application Data"
"370","111.849474134","37.221.93.182","192.168.43.133","TCP","66","3939  >  46854 [ACK] Seq=10780 Ack=6336 Win=64128 Len=0 TSval=3797020824 TSecr=1545073772"
"371","111.849474868","37.221.93.182","192.168.43.133","TLSv1.3","369","Application Data"
"372","121.669005103","37.221.93.182","192.168.43.133","TLSv1.2","1968","Application Data"
"373","121.873854648","37.221.93.182","192.168.43.133","TLSv1.2","545","Application Data"
"374","123.101566460","37.221.93.182","192.168.43.133","TLSv1.2","916","Application Data"
"375","123.101567354","37.221.93.182","192.168.43.133","TLSv1.2","804","Application Data"
"376","123.306234075","37.221.93.182","192.168.43.133","TLSv1.2","676","Application Data"
"377","123.715422383","37.221.93.182","192.168.43.133","TCP","66","3939  >  59634 [ACK] Seq=189794 Ack=38723 Win=2906 Len=0 TSval=3797032712 TSecr=1545085607"
"378","123.715423034","37.221.93.182","192.168.43.133","TCP","66","3939  >  59634 [ACK] Seq=189794 Ack=40111 Win=2906 Len=0 TSval=3797032715 TSecr=1545085607"
"379","123.715423182","37.221.93.182","192.168.43.133","TCP","66","3939  >  59634 [ACK] Seq=189794 Ack=40159 Win=2906 Len=0 TSval=3797032715 TSecr=1545085607"
"380","123.715423336","37.221.93.182","192.168.43.133","TLSv1.2","127","Application Data"
"381","123.751683750","37.221.93.182","192.168.43.133","TLSv1.2","250","Application Data"
"382","124.124696488","37.221.93.182","192.168.43.133","TCP","66","3939  >  59634 [ACK] Seq=190039 Ack=40216 Win=2908 Len=0 TSval=3797032998 TSecr=1545085884"
"383","124.329541166","37.221.93.182","192.168.43.133","TLSv1.2","577","Application Data"
"384","129.651971285","37.221.93.182","192.168.43.133","TCP","66","3939  >  52504 [ACK] Seq=8553 Ack=12975 Win=64128 Len=0 TSval=3797038547 TSecr=1545091386"
"385","129.651972197","37.221.93.182","192.168.43.133","TCP","66","3939  >  52504 [ACK] Seq=8553 Ack=15751 Win=63616 Len=0 TSval=3797038552 TSecr=1545091386"
"386","129.651972370","37.221.93.182","192.168.43.133","TCP","66","3939  >  52504 [ACK] Seq=8553 Ack=17207 Win=64128 Len=0 TSval=3797038556 TSecr=1545091391"
"387","129.651972546","37.221.93.182","192.168.43.133","TLSv1.3","574","Application Data"
"388","129.856893926","37.221.93.182","192.168.43.133","TCP","78","[TCP Dup ACK 386#1] 3939  >  52504 [ACK] Seq=9061 Ack=17207 Win=64128 Len=0 TSval=3797038860 TSecr=1545091779 SLE=17139 SRE=17207"
"389","134.566861197","37.221.93.182","192.168.43.133","TCP","2842","3939  >  48604 [PSH, ACK] Seq=57105 Ack=12387 Win=501 Len=2776 TSval=3797043620 TSecr=1545096448 [TCP PDU reassembled in 390]"
"390","134.566862139","37.221.93.182","192.168.43.133","TLSv1.2","1593","Application Data"
"391","134.770322732","37.221.93.182","192.168.43.133","TCP","66","3939  >  48604 [ACK] Seq=61408 Ack=12786 Win=501 Len=0 TSval=3797043834 TSecr=1545096696"
"392","135.794563827","37.221.93.182","192.168.43.133","TCP","66","3939  >  48604 [ACK] Seq=61408 Ack=13041 Win=501 Len=0 TSval=3797044840 TSecr=1545097747"
"393","135.794564236","37.221.93.182","192.168.43.133","TLSv1.2","321","Application Data"
"394","135.794564314","37.221.93.182","192.168.43.133","TLSv1.2","2000","Application Data"
"395","135.998985210","37.221.93.182","192.168.43.133","TLSv1.2","676","Application Data"
"396","137.227864572","37.221.93.182","192.168.43.133","TCP","66","[TCP Dup ACK 55#2] 3939  >  36144 [ACK] Seq=517 Ack=1227 Win=501 Len=0 TSval=3797046291 TSecr=1545006233"
"397","139.600764541","192.168.43.1","192.168.43.133","DNS","72","Standard query response 0x9f60 AAAA hgi5.tin9.ir"
"398","139.787304382","37.221.93.182","192.168.43.133","TCP","66","3939  >  59634 [ACK] Seq=190039 Ack=41604 Win=2906 Len=0 TSval=3797048793 TSecr=1545101661"
"399","139.787304669","37.221.93.182","192.168.43.133","TCP","66","3939  >  59634 [ACK] Seq=190039 Ack=42992 Win=2906 Len=0 TSval=3797048796 TSecr=1545101661"
"400","139.787304722","37.221.93.182","192.168.43.133","TCP","66","3939  >  59634 [ACK] Seq=190039 Ack=43050 Win=2906 Len=0 TSval=3797048796 TSecr=1545101661"
"401","139.787304782","37.221.93.182","192.168.43.133","TCP","66","3939  >  59634 [ACK] Seq=190039 Ack=43996 Win=2908 Len=0 TSval=3797048799 TSecr=1545101663"
"402","139.787304833","37.221.93.182","192.168.43.133","TLSv1.2","127","Application Data"
"403","139.787304896","37.221.93.182","192.168.43.133","TCP","66","3939  >  59634 [ACK] Seq=190100 Ack=46772 Win=2908 Len=0 TSval=3797048810 TSecr=1545101671"
"404","139.787304958","37.221.93.182","192.168.43.133","TCP","66","3939  >  59634 [ACK] Seq=190100 Ack=48964 Win=2908 Len=0 TSval=3797048817 TSecr=1545101673"
"405","139.787305023","37.221.93.182","192.168.43.133","TLSv1.2","317","Application Data"
"406","139.787388630","37.221.93.182","192.168.43.133","TCP","66","3939  >  59634 [ACK] Seq=190351 Ack=51740 Win=2908 Len=0 TSval=3797048830 TSecr=1545101673"
"407","139.787388745","37.221.93.182","192.168.43.133","TCP","74","3939  >  48416 [SYN, ACK] Seq=0 Ack=1 Win=65160 Len=0 MSS=1400 SACK_PERM TSval=3797048831 TSecr=1545101728 WS=128"
"408","139.787592399","37.221.93.182","192.168.43.133","TCP","74","3939  >  48436 [SYN, ACK] Seq=0 Ack=1 Win=65160 Len=0 MSS=1400 SACK_PERM TSval=3797048831 TSecr=1545101728 WS=128"
"409","139.787592495","37.221.93.182","192.168.43.133","TCP","74","3939  >  48418 [SYN, ACK] Seq=0 Ack=1 Win=65160 Len=0 MSS=1400 SACK_PERM TSval=3797048830 TSecr=1545101728 WS=128"
"410","139.823039329","37.221.93.182","192.168.43.133","TLSv1.2","476","Application Data"
"411","139.922577737","37.221.93.182","192.168.43.133","TCP","66","3939  >  48418 [ACK] Seq=1 Ack=1389 Win=64128 Len=0 TSval=3797049008 TSecr=1545101915"
"412","139.922900497","37.221.93.182","192.168.43.133","TCP","66","3939  >  48418 [ACK] Seq=1 Ack=1756 Win=63872 Len=0 TSval=3797049008 TSecr=1545101915"
"413","139.928775152","37.221.93.182","192.168.43.133","TLSv1.3","1454","Server Hello, Change Cipher Spec"
"414","139.929387196","37.221.93.182","192.168.43.133","TCP","1454","3939  >  48418 [PSH, ACK] Seq=1389 Ack=1756 Win=64128 Len=1388 TSval=3797049013 TSecr=1545101915 [TCP PDU reassembled in 417]"
"415","139.929584770","37.221.93.182","192.168.43.133","TCP","66","3939  >  48416 [ACK] Seq=1 Ack=1389 Win=64128 Len=0 TSval=3797049013 TSecr=1545101915"
"416","139.929773605","37.221.93.182","192.168.43.133","TCP","66","3939  >  48416 [ACK] Seq=1 Ack=1724 Win=64128 Len=0 TSval=3797049014 TSecr=1545101915"
"417","139.930573267","37.221.93.182","192.168.43.133","TLSv1.3","761","Application Data"
"418","139.935005366","37.221.93.182","192.168.43.133","TLSv1.3","1454","Server Hello, Change Cipher Spec"
"419","139.935586533","37.221.93.182","192.168.43.133","TCP","1454","3939  >  48416 [PSH, ACK] Seq=1389 Ack=1724 Win=64128 Len=1388 TSval=3797049017 TSecr=1545101915 [TCP PDU reassembled in 421]"
"420","139.935859322","37.221.93.182","192.168.43.133","TCP","66","3939  >  48436 [ACK] Seq=1 Ack=1389 Win=64128 Len=0 TSval=3797049017 TSecr=1545101916"
"421","139.936474353","37.221.93.182","192.168.43.133","TLSv1.3","759","Application Data"
"422","139.936474510","37.221.93.182","192.168.43.133","TCP","78","3939  >  59634 [ACK] Seq=190761 Ack=52240 Win=2908 Len=0 TSval=3797049019 TSecr=1545101914 SLE=52264 SRE=52265"
"423","139.936474575","37.221.93.182","192.168.43.133","TCP","66","3939  >  59634 [ACK] Seq=190761 Ack=52265 Win=2908 Len=0 TSval=3797049019 TSecr=1545101950"
"424","139.937247269","37.221.93.182","192.168.43.133","TCP","66","3939  >  48436 [ACK] Seq=1 Ack=1820 Win=64128 Len=0 TSval=3797049018 TSecr=1545101916"
"425","139.939445798","37.221.93.182","192.168.43.133","TLSv1.3","1454","Server Hello, Change Cipher Spec"
"426","139.939785845","37.221.93.182","192.168.43.133","TCP","1454","3939  >  48436 [PSH, ACK] Seq=1389 Ack=1820 Win=64128 Len=1388 TSval=3797049022 TSecr=1545101916 [TCP PDU reassembled in 427]"
"427","139.940633446","37.221.93.182","192.168.43.133","TLSv1.3","761","Application Data"
"428","139.988624995","37.221.93.182","192.168.43.133","TCP","66","[TCP Dup ACK 182#1] 3939  >  47244 [ACK] Seq=2876 Ack=343 Win=501 Len=0 TSval=3797049074 TSecr=1545056666"
"429","140.071497215","37.221.93.182","192.168.43.133","TLSv1.3","516","Application Data"
"430","140.071807009","37.221.93.182","192.168.43.133","TLSv1.3","128","Application Data"
"431","140.077178545","37.221.93.182","192.168.43.133","TCP","66","3939  >  48418 [ACK] Seq=3984 Ack=3721 Win=64128 Len=0 TSval=3797049163 TSecr=1545102058"
"432","140.079176921","37.221.93.182","192.168.43.133","TLSv1.3","516","Application Data"
"433","140.079468550","37.221.93.182","192.168.43.133","TLSv1.3","128","Application Data"
"434","140.081867786","37.221.93.182","192.168.43.133","TLSv1.3","516","Application Data"
"435","140.082096022","37.221.93.182","192.168.43.133","TLSv1.3","128","Application Data"
"436","140.084331780","37.221.93.182","192.168.43.133","TCP","66","3939  >  48416 [ACK] Seq=3982 Ack=3908 Win=64128 Len=0 TSval=3797049169 TSecr=1545102064"
"437","140.087710727","37.221.93.182","192.168.43.133","TLSv1.3","1274","Application Data"
"438","140.088743203","37.221.93.182","192.168.43.133","TCP","1454","3939  >  48418 [ACK] Seq=5192 Ack=3721 Win=64128 Len=1388 TSval=3797049173 TSecr=1545102058 [TCP PDU reassembled in 439]"
"439","140.089056985","37.221.93.182","192.168.43.133","TLSv1.3","1072","Application Data"
"440","140.090004933","37.221.93.182","192.168.43.133","TLSv1.3","610","Application Data"
"441","140.090005024","37.221.93.182","192.168.43.133","TCP","66","3939  >  48436 [ACK] Seq=3984 Ack=4004 Win=64128 Len=0 TSval=3797049174 TSecr=1545102068"
"442","140.299260686","37.221.93.182","192.168.43.133","TLSv1.3","1274","Application Data"
"443","140.299261399","37.221.93.182","192.168.43.133","TLSv1.3","2438","Application Data"
"444","140.356180710","37.221.93.182","192.168.43.133","TLSv1.3","1274","Application Data"
"445","140.356549293","37.221.93.182","192.168.43.133","TCP","1454","3939  >  48436 [ACK] Seq=5192 Ack=4004 Win=64128 Len=1388 TSval=3797049434 TSecr=1545102209 [TCP PDU reassembled in 446]"
"446","140.357135854","37.221.93.182","192.168.43.133","TLSv1.3","1050","Application Data"
"447","140.469520337","37.221.93.182","192.168.43.133","TCP","78","[TCP Dup ACK 441#1] 3939  >  48436 [ACK] Seq=7564 Ack=4004 Win=64128 Len=0 TSval=3797049553 TSecr=1545102483 SLE=4028 SRE=4029"
"448","140.475089297","37.221.93.182","192.168.43.133","TCP","66","3939  >  48436 [ACK] Seq=7564 Ack=4029 Win=64128 Len=0 TSval=3797049561 TSecr=1545102484"
"449","140.606106677","37.221.93.182","192.168.43.133","TCP","66","[TCP Dup ACK 15#3] 3939  >  47080 [ACK] Seq=289 Ack=119 Win=501 Len=0 TSval=3797049672 TSecr=1544965055"
"450","140.810792963","37.221.93.182","192.168.43.133","TCP","78","[TCP Dup ACK 386#2] 3939  >  52504 [ACK] Seq=9061 Ack=17207 Win=64128 Len=0 TSval=3797049871 TSecr=1545091779 SLE=17231 SRE=17232"
"451","140.810793338","37.221.93.182","192.168.43.133","TCP","66","3939  >  52504 [ACK] Seq=9061 Ack=17232 Win=64128 Len=0 TSval=3797049883 TSecr=1545102797"
"452","140.811682798","37.221.93.182","192.168.43.133","TCP","78","[TCP Dup ACK 30#3] 3939  >  48552 [ACK] Seq=1 Ack=1 Win=501 Len=0 TSval=3797049864 TSecr=1544504924 SLE=25 SRE=26"
"453","140.811683215","37.221.93.182","192.168.43.133","TCP","66","3939  >  48552 [ACK] Seq=1 Ack=26 Win=501 Len=0 TSval=3797049871 TSecr=1545102790"
"454","140.811683319","37.221.93.182","192.168.43.133","TCP","78","[TCP Dup ACK 316#1] 3939  >  40950 [ACK] Seq=997 Ack=309 Win=501 Len=0 TSval=3797049871 TSecr=1545062945 SLE=333 SRE=334"
"455","140.811683423","37.221.93.182","192.168.43.133","TCP","66","3939  >  40950 [ACK] Seq=997 Ack=334 Win=501 Len=0 TSval=3797049871 TSecr=1545102797"
"456","140.811683524","37.221.93.182","192.168.43.133","TCP","78","[TCP Dup ACK 15#4] 3939  >  47080 [ACK] Seq=289 Ack=119 Win=501 Len=0 TSval=3797049871 TSecr=1544965055 SLE=143 SRE=144"
"457","140.811683627","37.221.93.182","192.168.43.133","TCP","66","3939  >  47080 [ACK] Seq=289 Ack=144 Win=501 Len=0 TSval=3797049871 TSecr=1545102797"
"458","140.811683731","37.221.93.182","192.168.43.133","TCP","78","[TCP Dup ACK 182#2] 3939  >  47244 [ACK] Seq=2876 Ack=343 Win=501 Len=0 TSval=3797049870 TSecr=1545056666 SLE=367 SRE=368"
"459","140.811683834","37.221.93.182","192.168.43.133","TCP","66","3939  >  47244 [ACK] Seq=2876 Ack=368 Win=501 Len=0 TSval=3797049880 TSecr=1545102797"
"460","141.015752586","37.221.93.182","192.168.43.133","TLSv1.2","90","Application Data"
"461","141.015752880","37.221.93.182","192.168.43.133","TCP","66","3939  >  59634 [FIN, ACK] Seq=190785 Ack=52265 Win=2908 Len=0 TSval=3797050020 TSecr=1545101950"
"462","141.527597319","37.221.93.182","192.168.43.133","TLSv1.3","90","Application Data"
"463","141.527597589","37.221.93.182","192.168.43.133","TCP","66","3939  >  48436 [FIN, ACK] Seq=7588 Ack=4029 Win=64128 Len=0 TSval=3797050563 TSecr=1545102484"
"464","141.835104717","37.221.93.182","192.168.43.133","TCP","78","[TCP Dup ACK 436#1] 3939  >  48416 [ACK] Seq=7562 Ack=3908 Win=64128 Len=0 TSval=3797050874 TSecr=1545102426 SLE=3932 SRE=3933"
"465","141.835105477","37.221.93.182","192.168.43.133","TCP","66","3939  >  48416 [ACK] Seq=7562 Ack=3933 Win=64128 Len=0 TSval=3797050874 TSecr=1545103799"
"466","141.835105657","37.221.93.182","192.168.43.133","TLSv1.3","90","Application Data"
"467","141.835105830","37.221.93.182","192.168.43.133","TCP","66","3939  >  52504 [FIN, ACK] Seq=9085 Ack=17232 Win=64128 Len=0 TSval=3797050886 TSecr=1545102797"
"468","141.835416257","37.221.93.182","192.168.43.133","TLSv1.2","90","Application Data"
"469","141.835416582","37.221.93.182","192.168.43.133","TLSv1.2","90","Application Data"
"470","141.835416762","37.221.93.182","192.168.43.133","TLSv1.2","90","Application Data"
"471","141.835416933","37.221.93.182","192.168.43.133","TCP","66","3939  >  48552 [FIN, ACK] Seq=25 Ack=26 Win=501 Len=0 TSval=3797050873 TSecr=1545102790"
"472","141.835417109","37.221.93.182","192.168.43.133","TCP","66","3939  >  40950 [FIN, ACK] Seq=1021 Ack=334 Win=501 Len=0 TSval=3797050872 TSecr=1545102797"
"473","141.835417284","37.221.93.182","192.168.43.133","TCP","66","3939  >  47080 [FIN, ACK] Seq=313 Ack=144 Win=501 Len=0 TSval=3797050873 TSecr=1545102797"
"474","141.835417465","37.221.93.182","192.168.43.133","TLSv1.2","90","Application Data"
"475","141.835417637","37.221.93.182","192.168.43.133","TCP","66","3939  >  47244 [FIN, ACK] Seq=2900 Ack=368 Win=501 Len=0 TSval=3797050882 TSecr=1545102797"
"476","142.039803098","32:53:85:7a:41:73","Intel_75:a5:62","ARP","42","Who has 192.168.43.133? Tell 192.168.43.1"
"477","142.961134096","37.221.93.182","192.168.43.133","TLSv1.3","90","Application Data"
"478","142.961134651","37.221.93.182","192.168.43.133","TCP","66","3939  >  48416 [FIN, ACK] Seq=7586 Ack=3933 Win=64128 Len=0 TSval=3797051875 TSecr=1545103799"
"479","143.473145447","37.221.93.182","192.168.43.133","TLSv1.2","577","Application Data"
"480","144.804154648","37.221.93.182","192.168.43.133","TCP","66","[TCP Dup ACK 194#1] 3939  >  58812 [ACK] Seq=741 Ack=1161 Win=501 Len=0 TSval=3797053763 TSecr=1545059439"
"481","146.442498666","37.221.93.182","192.168.43.133","TCP","66","3939  >  48604 [ACK] Seq=64718 Ack=13870 Win=501 Len=0 TSval=3797055342 TSecr=1545108140"
"482","148.900691688","37.221.93.182","192.168.43.133","TCP","78","[TCP Dup ACK 194#2] 3939  >  58812 [ACK] Seq=741 Ack=1161 Win=501 Len=0 TSval=3797057831 TSecr=1545059439 SLE=1185 SRE=1186"
"483","148.900692506","37.221.93.182","192.168.43.133","TCP","66","3939  >  58812 [ACK] Seq=741 Ack=1186 Win=501 Len=0 TSval=3797057831 TSecr=1545110673"
"484","148.900692682","37.221.93.182","192.168.43.133","TCP","78","[TCP Dup ACK 55#3] 3939  >  36144 [ACK] Seq=517 Ack=1227 Win=501 Len=0 TSval=3797057834 TSecr=1545006233 SLE=1251 SRE=1252"
"485","148.900692856","37.221.93.182","192.168.43.133","TCP","66","3939  >  36144 [ACK] Seq=517 Ack=1252 Win=501 Len=0 TSval=3797057834 TSecr=1545110704"
"486","149.924440995","37.221.93.182","192.168.43.133","TLSv1.2","90","Application Data"
"487","149.924441661","37.221.93.182","192.168.43.133","TLSv1.2","90","Application Data"
"488","149.924441816","37.221.93.182","192.168.43.133","TCP","66","3939  >  58812 [FIN, ACK] Seq=765 Ack=1186 Win=501 Len=0 TSval=3797058833 TSecr=1545110673"
"489","149.924441975","37.221.93.182","192.168.43.133","TCP","66","3939  >  36144 [FIN, ACK] Seq=541 Ack=1252 Win=501 Len=0 TSval=3797058835 TSecr=1545110704"
"490","150.452169047","192.168.43.1","192.168.43.133","DNS","281","Standard query response 0x7df3 A connectivity-check.ubuntu.com A 91.189.91.48 A 91.189.91.96 A 185.125.190.17 A 91.189.91.98 A 185.125.190.48 A 185.125.190.96 A 185.125.190.18 A 185.125.190.49 A 185.125.190.98 A 91.189.91.97 A 91.189.91.49 A 185.125.190.97"
"491","150.743918743","91.189.91.48","192.168.43.133","TCP","74","80  >  44408 [SYN, ACK] Seq=0 Ack=1 Win=65535 Len=0 MSS=1400 SACK_PERM TSval=4277675812 TSecr=4132987037 WS=16384"
"492","151.153228598","91.189.91.48","192.168.43.133","HTTP","255","HTTP/1.1 204 No Content "
"493","151.153229225","91.189.91.48","192.168.43.133","TCP","66","80  >  44408 [FIN, ACK] Seq=190 Ack=89 Win=65536 Len=0 TSval=4277676142 TSecr=4132987327"
"494","152.382209222","91.189.91.48","192.168.43.133","TCP","54","80  >  44408 [RST] Seq=191 Win=0 Len=0"
"495","152.996356766","37.221.93.182","192.168.43.133","TCP","66","[TCP Dup ACK 343#1] 3939  >  46844 [ACK] Seq=11628 Ack=6401 Win=64128 Len=0 TSval=3797061873 TSecr=1545069724"
"496","157.093107884","37.221.93.182","192.168.43.133","TCP","66","[TCP Dup ACK 370#1] 3939  >  46854 [ACK] Seq=11083 Ack=6336 Win=64128 Len=0 TSval=3797066132 TSecr=1545074017"
